train_loss,epoch,step,train_loss_epoch
3.567922830581665,0,0,
,0,0,7.417964935302734
2.760953664779663,1,1,
,1,1,4.000582695007324
2.135362148284912,2,2,
,2,2,3.165433406829834
